La beauté du paysage frappa les voyageurs,The beauty of the landscape struck the travellers.
Personne ne connaît la vérité sur cette affaire,Nobody knows the truth about this affair. 
"Dans une dictature, la liberté d'expression est limitée","In a dictatorship, freedom of expression is limited."
"Liberté, égalité, fraternité est la devise de la république française ","Liberty, equality, fraternity is the motto of the French republic."
Il ne t'a pas aidé par bonté,He did not help you out of kindness.
Sa méchanceté n'avait aucune limite,His wickedness had no limits. 
Son élégance impressiona l'assemblée,His elegance impressed the assembly.
Il y a une grande différence entre la culture asiatique et la culture européenne,There is a big difference between the western and the asiatic culture.
Il a des idéaux élevés,He has high ideals. 
 il fut frappé par la modernité du métro,He was struck by the modernity of the underground.
La qualité de son travail fut reconnue par les membres du jury,The quality of his work was acknowledged by the jury. 
Une quantité importante de pétrole s'est répandue dans la mer,A significant amount of oil has spilt in the sea.
Il a été étonné par la propreté de son appartement,He has been impressed by the cleanliness of his flat.
C'est un très beau jeune homme,He is a very handsome young man.
Sa mère fait de très bonnes tartes,His mother makes very tasty pies.
Tout ce qu'il a dit était vrai,Everything he said was true.
Ses calculs sont faux,His calculations were wrong.
Sa blague était de mauvais goût,His joke was in bad taste.
Nous ne sommes pas allés à la plage car il faisait mauvais,We did not go to the beach because the weather was bad.
Il a donné la mauvaise réponse,He gave the wrong answer.
Ce petit chien est très laid,This little dog is very ugly.
C'est une voiture rapide mais difficile à conduire,It is a fast car but it is hard to drive.
Ce camion est très lent,This truck is very slow.
Il fait froid dans son appartement,It is very cold in his flat.
Ce plat est très chaud,This dish is very hot.
"Le chat est trop haut, je n'arrive pas à l'attraper","The cat is too high, I cannot reach it."
Le niveau du fleuve est bas à cause de la sécheresse,The level of the river is low because of the drought. 
La fosse des Mariannes est la plus profonde de l'Océan Pacifique,The Marianas Trench is the deepest trench of the Pacific Ocean.
Sa blessure n'est que superficielle,His wound is only superficial.
"C'est un petit pas pour l'homme, mais un grand pas pour l'humanité","That's one small step for a man, one giant leap for mankind."
Ton frère est très grand,You brother is very tall.
Il s'habille toujours en noir,He always dresses in black.
Je n'ai plus de chemises blanches,I do not have any white shirt left.
J'ai les mains rouges à cause du froid,My hands are red because of the cold.
Il porte une chemise bleue,He is wearing a blue shirt. 
J'ai une voiture verte,I have a green car.
Le lait est devenu jaune,The milk had turned yellow. 
Le ciel est gris à cause de la pollution,The sky is grey due to the pollution. 
Tu connais le nom de cette fleur violette?,What is this purple flower called? 
"Attention, ce chien est méchant","Be careful, this dog is nasty."
Il est gentil uniquement quand il a besoin de toi,He is kind only when he needs you.
Il a beaucoup voyagé quand il était jeune,He travelled a lot when he was young.
Je suis trop vieux pour voyager,I am too old to travel.
Je me suis perdu dans les ruelles étroites de la vieille ville,I lost myself in the narrow alleys of the old city.
La route est assez large pour deux voitures,The road is wide enough for two cars.
Le voyage a été trop long,"The trip was too long, I am exhausted. "
"Mon séjour ici a été trop court, je dois revenir","My stay here whas been too short, I have to come back."
Elle est très belle mais elle ne s'en rend pas compte,She is very beautiful but she does not realize it.
Elle a acheté une jolie robe,She bought a pretty dress.
Ce couteau-suisse est utile en voyage,This swiss knife is very useful when you travel. 
Ce cours de langues est complètement inutile,This language class is completely useless.
Cet exercice est très facile,This exercice is very easy. 
Les examens étaient plutôt difficiles cette année,Exams were rather tough this year.
Les solutions les plus efficaces sont souvent les plus simples,The most efficient solutions are often the simplest ones.
"Il a une personnalité complexe, c'est ce qui fait son charme",He has a complex personnality which is what makes him charming.
Le hamster a un comportement étrange ces jours-ci.,The hamster has been behaving strangely these last few days. 
"La solution était évidente, cela sautait aux yeux","The solution was obvious, it really jumped out at you. "
Il est drôle sans s'en rendre compte,He is amusing but he does not realise it.
"C'est drôle, mais je ne me rappelle pas de lui",It's funny I cannot remember him. 
La situation était amusante,The situation was enjoyable.
"C'est un excellent élève, mais il ne veut pas travailler","He is an excellent pupil, but he does not want to study. "
"Ce professeur est médiocre, mais nous n'avons pas le choix",This teacher is mediocre but we have no choice. 
Les bureaux de l'entreprise sont situés dans un bâtiment ancien,The offices of the company are located in an old building.
C'est un auteur récent,He is a new author.
Les enfants sont plus calmes après avoir fait une sieste,Children are more quiet after a nap. 
Cet homme a l'air fou,This man looks crazy.
Il portait un pantalon beige et une chemise blanche,He was wearing a beige pair of trousers and a white shirt. 
Les papiers peints de sa maison sont mauves ,The wallpapers of his house are mauve. 
Il a les yeux marron,He has brown eyes.
Les maisons de ce village avaient des portes orange,The houses of this village have orange doors.
L'eau de cette rivière est presque transparente,The water of this river is almost transparent. 
Il porte des habits très colorés,He wears very coloured clothes.
Le dessin était un peu terne,The drawing was a little bit dull.
"La nuit tombe, la rue est sombre","Night is falling, the street is dark."
Il est impossible de travailler dans ces conditions,It is impossible to work in these conditions.
Il avait la peau claire malgré ses vacances au bord de la mer,He had a fair skin despite his holidays at the beach. 
Il était clair qu'il mentait,It was obvious that he was lying.
Ce gâteau est délicieux,This cake is delicious.
"Cette robe noire te va bien, tu es très élégante","This black dress suits you well, you are very stylish."
Il vit dans une maison agréable au bord de la mer,He lives in a pleasant house on the seashore. 
Ma belle-mère est particulièrement désagréable,My stepmother is particularly unpleasant. 
Il sait être charmant quand il veut,He knows how to be charming when he wants to be.
Un accident mortel a eu lieu sur l'autoroute,A fatal accident occured on the motorway. 
Ce tableau est magnifique,This painting is magnificent.
C'est un projet original,This is an original project. 
"Pour être efficace, il faut être motivé","To be efficient, you have to be motivated."
Il est vraiment inefficace quand il ne dort pas,He is very unefficient when he does not sleep
Il est doué en maths,He is very gifted in mathematics.
C'est un artiste exceptionnel qui a beaucoup d'avenir,He is an exceptionnal artist who has a bright future ahead of him. 
Il est arrivé quelque chose d'horrible,Something aweful happened.
Ta soeur a été impressionante durant le match de tennis,Your sister was impressive during the tennis game.
Ton fils est vraiment insupportable,Your son is really unbearable.
Cette robe est vulgaire,This dress is vulgar.
Cette chemise est propre,This shirt is clean.
Il a pris sa propre voiture,He took his own car.
"L'appartement est sale, il faudrait faire le ménage","The flat is dirty, it should be cleaned up."
Ce restaurant est parmi les plus fameux de Paris,This restaurant is among the most famous in Paris
"Son discours fut bref, mais le succès fut retentissant","His speech was short, but the success was thundering."
C'est absurde de vouloir passer le permis de conduire sans être prêt,Wanting to take the driver's licence exam without being ready is absurd. 
Il n'est pas si différent des autres,He is not that different from the other ones. 
L'organisation dans cette université est délirante,The organisation of this university is outrageous. 
"Tu as laissé la tarte trop longtemps dans le four, elle est complètement brûlée","You left the pie in the oven for too long, it is completely burnt now."
"Attention, le plat est brûlant","Be careful, this dish is piping hot."
Tu préfères les oignons crus ou cuits?,Do you prefer onions raw or cooked?
Le poulet est trop cuit,"This chicken is overcooked, it is inedible."
"Ce sol est très fertile, la récolte sera bonne","This soil is very fertile, the harvest will be good;"
"Sa soeur est stérile, elle ne peut pas avoir d'enfants","His sister is sterile, she cannot have children."
"Ce sac est très lourd, est-ce-que tu peux m'aider?","This bag is very heavy, could you help me?"
"Ta valise est légère, laisse-moi la porter","Your suitcase is light, let me carry it for you. "
Vos absences sont trop fréquentes,Your absences are too frequent.
"C'est une espèce très rare, elle n'a pas été vue depuis vingt ans","It is a very rare species, it should be protected."
Ta chemise est ridicule,Your shirt is ridiculous.
Je vais visiter ma famille le mois prochain,I am visiting my family next month.
C'est la dernière fois que je voyage en bus,It is the last time I am travelling by bus.
Une puissante explosion a réveillé le quartier,A powerful explosion woke up the neighboorhood. 
Il est impuissant face à cette situation,He is helpless faced with this situation. 
"Il pense réussir cet examen. C'est possible, mais improbable",He thiks he passed this exam. Its is possible but not very likely. 
Son succès est probable,His success is likely. 
Les hirondelles reviennent de manière périodique,Swallows come back periodically.
La patience est une qualité précieuse,Patience is a precious virtue
"C'est une propriété privée, il est interdit d'entrer","It is a private property, it is forbidden to enter."
Il est interdit de fumer dans les lieux publics,Smoking is forbidden in public places.
Je suis sûr d'avoir fermé la porte à clef,I am sure I have locked the door.
Une pratique régulière du sport porte davantage ses fruits qu'une pratique intensive,Practicing sport regularly bears more fruit than practicing sport intensively.
"Le confort de cette maison est un peu rustique, mais on s'y fait","The comfort of this house is a bit rustic, but one gets used to it."
La Hollande est un pays plat,The Netherlands is a flat country.
Ce sont des gens très snobs,They are very snobbish people.
Je ne suis pas assez mince pour cette robe,I am not thin enough for this dress.
Cet acrobate est très agile,This acrobat is very agile.
"Ce travail est très fatigant, je vais en changer bientôt","This job is very exhausting, I will change jobs soon."
Cet enfant est unique,This kid is unique.
 Elle écoute trop son intuition féminine ,She listens to her feminine intuition too much. 
C'est une fille très masculine,She is a very masculine girl.
L'amour maternel est instinctif,Maternal love is instinctive.
Il vient de battre un record absolu ,He just broke an absolute record.
Il est resté vierge jusqu'au mariage,He remained a virgin until the day he got married. 
Il mène une vie très ordinaire,He lead a very ordinary life.
Elle a une capacité extraordinaire à tout oublier,She has an extraordinary ability to forget everything.
Il est venu rapidement après son travail,He came quickly after his work.
Mieux vaut conduire lentement mais sûrement ,Better to drive slowly but carefully.
"Tout à coup, le bus a freiné","Suddenly, the bus pulled up. "
Je suis venu surtout pour te voir,I came mostly to see you.
"La plupart du temps, il sort le samedi soir","Most of the time, he goes out on Saturday nights."
Tu as assez mangé?,Have you eaten enough?
Nous sommes assez occupés ces jours-ci,We are rather busy these days.
Il est plutôt introverti,He is quite introverted.
Il rend rarement visite à ses parents,He seldom visits his parents.
Il prend souvent le bus pour venir,He often takes the bus to come.
Il faut toujours fermer la porte à double tour dans ce quartier,You always have to double lock the door.
Nous ne sommes jamais partis en vacances,We never went on holidays.
Je vais au cinéma de temps en temps,I go to the cinema from times to times.
Il a beaucoup voyagé dans sa jeunesse,He travelled a lot when he was young.
"Vous travaillez peu, mais vous gagnez beaucoup d'argent","You work little, but you earn a lot of money."
"Généralement, nous nous couchons avant minuit","Generally, we go to bed before midnight."
Je sors faire des courses maintenant,I am going shopping now.
Je suis allé au jardin avec les enfants hier,I went to the garden with the kids yesterday.
Aujourd'hui je n'ai rien de particulier à faire,"Today, I have nothing special to do."
On parlera de ça demain ,We will talk about that tomorrow.
On se rencontrera plus tard,We will meet later.
Ma lettre est finalement arrivée,My letter has finally arrived.
Elle est constamment en train de râler,She is constantly moaning.
Il est déjà allé au Mexique,He has already been to Mexico.
Il habite loin du centre-ville,He lives far from downtown.
C'est arrivé près de chez nous,It happened next to our house.
Tu es moins disponible qu'avant,You are less available than before.
"Plus j'y pense, plus je suis satisfait de ma décision","The more I think about it, the more I am satisfied with my choice."
"Va lire ailleurs, la petite doit dormir","Go read somewhere else, the girl needs to sleep."
Il a presque fini son repas,He has almost finished his meal.
"On est arrivé trop tard, on n'a pas pu entrer","We arrived too late, we could not get in."
Il travaille aussi le dimanche,He also wants to join the project.
Ils vont au cinéma ensemble demain,They are going to the cinema together tomorrow.
Le chien est enterré derrière la maison,The dog is burried behind the house.
Il a cherché sa veste dans l'armoire mais n'a pas pensé à regarder au-dessus,He looked for his jacket in the wardrobe but he did not thought about looking over it.
"Mon livre n'est plus sur la table, il est peut-être tombé en-dessous","My book is no longer on the table, he might have fallen underneath it. "
Ne laisse pas le chat aller sur la table,Do not let the cat walk on the table.
La banque est entre la pharmacie et l'arrêt de bus,The bank is between the chemist and the bus stop.
Il est arrivé une heure avant le spectacle,He arrived an hour before the show.
Ton frère passera après le repas,Your brother will come after lunch.
Les assiettes sont à côté des verres dans le placard,The plates are next to the glasses.
Nous avons seulement deux enfants,We only have two children.
Vouz voulez vraiment aller au cinéma?,Do you really want to go to the cinema?
Il est passé puis il est reparti aussitôt,He came by for a bit and then he left.
Les éponges sont sous l'évier,The sponges are under the sink.
"A propos de tes études, comment se sont passés tes examens?","Speaking about your studies, how did your exams go?"
Il travaille même quand il est malade,He works even when he is ill.
Les enfants ont laissé les jouets hors de la caisse,The kids left the toys out of the box.
Le chat reste toute la journée à l'intérieur de la maison,The cat stays inside the house all the day.
Les enfants jouent dehors,The kids are playing outside.
"Rentre dedans, il fait très froid dehors","Come inside, it is freezing cold outside."
Le riz est dans le frigidaire,The rice is in the fridge.
Un professeur vient régulièrement lui donner des cours de français,She comes regularly to give him French lessons.
Il pardonne facilement mais n'oublie jamais,He forgives easily but he never forgets.
La crise de la dette s'est récemment aggravée,The bebt crisis has recently gotten worse. 
Il a planifié son travail intelligemment,He has planned his work wisely. 
Je peux éventuellement passer ce week-end si tu veux,I can possibly come this weekend if you want to.
Je pars au travail joyeusement le lundi,I go to work happily on Mondays.
"Immédiatement après les élections, il partit en vacances","Immediatly after the elections, he went on holidays."
J'ai complètement oublié de ramener ton livre,I completely forgot to bring you back your book.
"Après lui avoir parlé violemment, il s'excusa","After having spoken to him violently, he apologized."
Il a attaché les troncs ensemble solidement avec une corde,He bound the boles together firmly with a rope. 
Je lui ai répondu poliment mais fermement,I answered him politely but firmly.
"Franchement, est-ce-que tu penses que ton avis va changer quelquechose?","Honestly, do you think your opinion will change anything?"
Son fils a simplement laissé tomber ses études,His son simply dropped university. 
Les criquets dévastent les cultures périodiquement,Crickets periodically devastate crops.
la situation va probablement dégénérer,The situation could potentially go out of control.
Ils n'ont évidemment pas répondu à la provocation,They obviously did not answer the provocation.
Il reprit calmement son calcul depuis le début,He calmly did his calculations again from the beginning.
Ils ont parlé longuement hier soir et se sont réconciliés,They spoke yesterday evening for a long time and they have patched things up. 
Le pays a largement souffert de la crise économique,The country widely suffered from the economic crisis.
Il y a surement une meilleure explication,There surely is a better explanation.
"Naturellement, il n'a pas fait ce qui lui était demandé","Naturally, he did not do what he was asked to."
C'est précisément pour cette raison que je ne suis pas venu,It is precisely for this reason that I did not come.
Il effectue ce geste mécaniquement,He does this movement mechanically.
Il travaille plus efficacement le lundi,He works more efficiently on Mondays.
"Ecoute-moi, je te parle sérieusement","Listen to me, I am talking to you seriously."
Il est horriblement imbu de lui-même,He is horribly full of himself.
Il a distribué ses terres généreusement,He distributed his lands generously.
La mère protège instinctivement son petit,The mother protects her child instictively.
Je crois avoir vu une panthère,I think I saw a panther.
L'antilope détala à la vue du lion,The antelope scampered at the sight of the lion.
Le cochon d'Inde est un rongeur,The Guinea pig is a rodent.
Le hamster mord les barreaux de sa cage,The hamster is biting the bars of its cage.
Les flamants roses peuvent vivre dans des conditions extrêmes,Pink flamingos can live in extreme conditions.
Le lapin se réfugia dans son terrier,The rabbit was ran over in its burrow.
Le lièvre a été aveuglé par les phares,The hare was blinded by the headlights.
L'écureuil sauta de l'arbre,The squirrel jumped out from the tree.
L'oie se précipita sur le petit garcon,The goose rushed at the little boy.
La dinde gloussa à la vue du dindon,The turkey clucked when it saw the turkey cock.
Le dindon a été mangé hier soir,The turkey was eaten yesterday night
La biche est en alerte,The doe is alarmed. 
Le cerf est poursuivi par les chiens,The deer was chase by the dogs.
Le faon tête sa mère,The fawn suckles from its mother.
La hyène ricana bruyamment,The hyena giggled loudly.
"La dromadaire n'a qu'une bosse, contrairement au chameau qui en a deux",Dromedaries have one bump while camels have two.
Une piqûre de scorpion peut être mortelle,A scorpio sting can be deadly.
Le hérisson se roula en boule pour se protéger,The hedgehog curled up into a ball to protect himself. 
La tortue rentra la tête dans sa carapace,The turtle put its head back into its carapace.
Les bonds du kangourou peuvent atteindre treize mètres,Kangaroo leaps can reach up to 13 meters.
Les koalas se nourrissent de feuilles d'eucalyptus,Koalas are very dependent upon eucalyptus leaves for their survival.
La perche du Nil a fait disparaître de nombreux poissons,The Nile perch made many fishes disappear recently.
La carpe est un poisson commun dans nos rivières,The carp is a common fish of our rivers.
Les truites sont des poissons d'eau douce,Trouts are freshwater fish. 
Le poisson rouge a une mauvaise mémoire,The goldfish has been eaten by the cat.
"Ton canari est plein d'acariens, il faut le traiter","Your canari is full of mites, you should treat it."
Le triton sortit de la mare,The triton went out of the pond.
Les sangsues ont un odorat particulièrement développé,Leeches have a particularly developed sense of smell. 
Les vautours utilisent les courants ascendants pour se déplacer,Vultures use updrafts to move.
Les stocks de thon rouge se sont récemment effondrés,Red tuna is intensiverly fished.
Tu veux prendre une autre tranche de saumon?,Do you want to take another slice of salmon?
Ce crabe a une pince plus grosse que l'autre,This crab has a claw which is bigger than its other one. 
Tu manges même la tête de la crevette?,Do you also eat the head of the shrimp? 
Ton fils ramasse des coquillages sur la plage,Your son is gathering shells on the beach. 
L'escargot sortit de sa coquille,The snail went out of its shell. 
La petite fille jeta l'étoile de mer dans l'océan ,The little girl threw the starfish away into the sea.
Les moules se mangent avec des frites en Belgique,Mussels are eaten with French fries in Belgium. 
Les huîtres sont mangées vivantes,Oysters are eaten alive.
Le poulpe a craché de l'encre pour faciliter sa fuite,The octopus released some ink to make its escape easier. 
La punaise écrasée dégage une odeur forte,A crushed bug emits a strong smell.
Le caméléon changea à nouveau de couleur,The chameleon shifted colour once more.
Les anguilles peuvent se déplacer sur la terre ferme,Eels can move on dry land.
Les piqûres de taon sont très douloureuses,Horseflies stings are very painful.
"Chez les mantes religieuses, la femelle mage le mâle après l'accouplement",Praying mantis eat their male after mating.
"Il y a des mites dans l'appartement, les vêtements se sont fait dévorer","The flat is full of moths, clothes have been eaten up."
La canari ne chante plus depuis des semaines,The canary has been refusing to sing for weeks. 
La corneille croassa bruyamment,The crow coaked loudly. 
Le corbeau tient dans son bec un fromage,The raven held a piece of cheese in his beak. 
Un héron est perché dans l'arbre,The heron is perched in the tree. 
La chouette a hululé toute la nuit,The owl hooted all night long.
Le hibou cracha une pelote,The owl spit a ball. 
L'albatros peut voler sur des distances considérables,The albatros can fly over large distances. 
La mouette se posa sur le rocher,The seagull landed on a rock.
Le chimpanzé fait des grimaces,The chimpazee is making faces.
La loutre est sensible à la pollution des rivières,The otter is sensitive to river pollution.
Le raton-laveur nettoie sa nourriture avant de la manger,The raccoon washes its food before eating it. 
Le ver-à-soie fut plongé dans l'eau bouillante,The silk-worm was plunged into boiling water.
Je voudrais une pizza aux anchois s'il-vous-plaît,"I would like a pizza with achovies, please."
Un banc de sardine a été repéré par hélicoptère,A school of sardines has been spotted by a helicopter. 
Les calamars sont un plat typique du sud de la France,Squids are a typical dish of southern France.
La sole est un poisson qui se confond avec le sable,The sole is a fish which merges with sand. 
La queue de la raie peut contenir un venin mortel,The tail of the ray can contain a lethal venom.
Les escargots et les limaces sont des mollusques,Snails and slugs are molluscs.
Les marsupiaux vivent surtout en Australie,Marsupials live mostly in Australia.
Les dauphins ne sont pas des poissons mais des mammifères marins,Dolphins are not fishes but marine mammals.
Il a trois épines d'oursin dans le pied,He has three ursin stings in the foot.
La mangouste finit par tuer le cobra,The mangoose finally killed the cobra.
Le corbeau ouvrit la noix avec son bec,The crow opened the walnut with its beak.
Les chacals vivent en petits groupes,Jackals live in small groups.
Un mille-pattes est en train de traverser la route,Millipeds cross the road carefully
Les scolopendres vivent dans la litière,Centipedes live in the litter.
Les tarentules sont mangées en Asie du Sud-est,Tarentulas are eaten in Southeast Asia.
Les crabes et les crevettes sont des crustacés,Crabs and shrimps are crustaceans.
Les morues sont victimes de la surpêche,Cods are victims of overfishing.
Les tentacules de cette pieuvre font deux mètres au moins,The tentacles of this octopus are at least two meters long.
Le homard est un mets de luxe,Lobster is a very pricey meal. 
Le pélican engloutit trois poissons d'un coup,The pelican swallowed three fishes at a time. 
Le plancton est à la base de la chaîne alimentaire,Plancton is at the base of the food chain.
Les têtards se métamorphosent en grenouille après quelques semaines,Tadpoles metamophose into frogs after a few weeks.
La cigogne a fait son nid sur une cheminée,The stork nested on the chimney.
La chenille prépare son cocon,The caterpillar is making its cocoon.
La marmotte est en train de creuser un terrier,The marmot is digging its burrow.
La fourrure de cet animal vaut très cher,The fur of this animal is very expensive. 
La peau de la vache sert à faire du cuir,The skin of the cow is used to make leather.
Les griffes du chat sont rétractiles,The claws of the cat are retractile.
Les crocs du chat étaient jaunâtres,The feline fangs were covered with blood.
Il y a des plumes de pigeons partout dans la chambre,There are pigeon feathers all over the room.
Le dindon glousse pour impressioner sa femelle,The turkey giggles to impress the female turkey.
Les moutons bêlaient en regagnant l'étable,Sheep bleated while on their way back to the stable.
L'étalon hennit avant de partir en galopant,The studhorse neighed before galloping away.
On peut entendre un corbeau croasser au loin,You can hear a crow cawing far away. 
Le lion rugit dans la savanne,The lion roared in the savanna.
Les vaches meuglent quand elles sont apeurées,Cows moo when they are scared
Le chien du voisin a grogné en voyant les enfants,The neighbour's dog growled when he saw the children.
Le chaton miaule devant le frigidaire,The cat is meowing in front of the fridge.
Les chiens ont aboyé toute la nuit,The dogs barked all night long.
Ils vendent des carapaces de tortue sur le marché,They sell turtle shells at the market.
Il faut enlever les écailles du poisson avant de le mettre au four,The fish scales should be removed before putting it in the oven.
Le chat s'est blessé à la patte,The cat hurt his paw.
La nageoire d'un requin inquiéta les surfeurs,A shark fin alarmed the surfers.
Les raies du zèbre ne constituent pas un bon camouflage,Zebras rays do not constitute a good camouflage.
Les tâches de la panthère sont noires,Panthers spots are black. 
L'aigle a saisi l'agneau avec ses serres,The eagle grasped the lamb into its claws.
Le chat utilise sa queue pour garder l'équilibre,The cat uses its tail to keep its balance.
Le petit singe têtait la mamelle de sa mère,The monkey cub suckled the teat of its mother. 
Les sabots de ce cheval sont abîmés,The horse gave him a kick with his hoof. 
Le tigre est un animal sauvage,The tiger is a wild animal. 
"C'est un sanglier domestique, mais il reste dangereux",It is a domestic boar but it is still dangerous. 
Avez-vous des animaux domestiques à la maison?,Do you have pets at home?
La fourmilière était en pleine agitation,The ants nest was busy.
La termitière semblait inhabitée,The termitary seemed empty.
Le gorille chercha à intimider le braconnier,The gorilla tried to intimidate the poacher.
Le macaque lui mordit la main,The macaque bit his hand.
Les orang-outangs sont menacés par la culture de l'huile de palme,Orang utangs are threatened by palm oil culture.
Il y a une source d'eau sur son terrain,There is a spring on its land.
Le paresseux vit en Amazonie,Sloths live in Amazonia.
Mon père s'est fait manger une jambe par un aligator,My father had his leg eaten by an alligator.
Le venin du cobra est mortel,Cobra venom is deadly.
Une vipère se réchauffait au soleil,A viper was warming up in the sun.
Cette couleuvre est en train de muer,This grass-snake is sloughing its skin. 
Un crotale était enroulé autour de la branche,A rattlesnake was coiled up around the branch. 
Les lézards régulent la température de leur corps en se mettant au soleil,Lizards regulate their body temperature by sunbathing. 
Le bec du toucan est très coloré,Toucans beaks are very coloured.
Le faucon fondit sur sa proie,The hawk swooped down on its prey. 
Les perroquets peuvent vivre quatre-vingts ans,Parrots can live up to eighty years.
Les perruches vivent souvent en couple,Parakeets often live in pairs.
Un condor volait haut dans le ciel,A condor flied high in the sky.
L'autruche enfouit sa tête dans le sable,The ostrich burried its head into the sand.
"Les pinguoins volent, contrairement aux manchots","Penguins can fly, unlike ..."
Les manchots nagent longtemps pour atteindre les zones de pêche,Penguins can swim over large distances to reach fishing zones.
On a retrouvé des ours blancs noyés,White bears were found drowned.
Le coyote semblait suivre une piste,The coyote seemed to be following a track.
"Les gynécologues traitent, entre autres, les problèmes de vagin","Gynecologists deal with vagina problems, among others."
"Parmi tous les primates, l'humain est celui qui a le plus gros pénis","Among primates, the human being is the one with the biggest penis."
Il a la chemise trempée au niveau des aisselles,His shirt was wet at the at the level of his armpits.
Elle s'est foulée la cheville en tombant dans les escaliers,She twisted her ankle when she fell in the stairs.
Il a une douleur permanente entre les omoplates,He has a permanent pain between the scapulas.
Des larmes coulaient sur sa joue,Tears rolled on his cheeks.
Il a la langue blanche,His tongue is white.
Le médecin a prélevé un échantillon de salive,The doctor took a sample of his saliva.
Ses ganglions lymphatiques étaient gonflés à cause de l'infection,His lymph nodes were swollen because of the infection.
Il n'avait plus qu'un testicule après son accident de moto,He had only one testicle left after his motorcycle accident. 
Les cancers du sein sont détectés de façon plus en plus précoce,Breast cancers are detected more and more precociously.
Certaines personnes ont trois tétons,Some people have three nipples.
Il est en train de se couper les ongles,He is trimming his nails.
Les nerfs spinaux sont les nerfs qui émergent de la moelle épinière,Spinal nerves are the nerves emerging from the spinal cord. 
On renouvelle peu de neurones à l'âge adulte,Neurons are little renewed during adulthood. 
Il a une cicatrice juste sous le nombril,He has a scar under the navel. 
Elle a un bleu sur l'avant-bras,She has a bruise on her forearm. 
"Son système immunitaire est déprimé, elle a peu de globules blancs","Her immune system is depressed, she has little white blood cells."
Les globules rouges transportent l'oxygène dans le corps,Red blood cells carry oxygen throughout the body.
Le corps développe des anticorps contre les parasites,The body develops antibodies againts parasites.
Il a un problème à une valve cardiaque,He has got a problem with one of his heart valves.
Vos paupières sont lourdes,Your eyelids are heavy.
Elle avait les pommettes saillantes comme sa soeur,She had prominent cheekbones just like her sister. 
Son visage n'exprimait aucune émotion,Her face did not show any emotion. 
Elle serra le poing pour cacher sa douleur,She clutched her fist to hide her pain.
Il s'est cassé le talon en tombant dans les escaliers,He broke his heel by falling in the stairs.
Il a les mâchoires contractées,He has tensed up jaws. 
Il s'est fracturé la rotule en tombant sur le genou,He fractured hi kneecap when he fell on his knee
Il ressent une raideur dans la nuque,He is feeling a stiffness in his neck.
On voit bien les organes abdominaux à l'échographie ,Abdominal organs are visible on the echography.
Le pancréas produit certains sucs nécessaires à la digestion,The pancreas produces juices essential for digestion. 
On peut voir la quasi-totalité de son squelette sur les radios,We can see almost all his squeleton on the radios.
La moelle épinière passe dans la colonne vertébrale,The spinal cord goes through the spine.
Elle s'est cassée une dent,She broke one of her tooth. 
Sa gorge est enrouée à cause du froid,His throat is hoarse because of the cold.
Il a reçu un coup au niveau du buste,He got a punch at the torso level.
On a dû lui opérer la hanche,She has large hips
Les capillaires sont de très petits vaisseaux sanguins,Capillaries are very small blood vessels.
L'alliance de mariage se porte à l'annulaire gauche,People wear the wedding band at the left annular.
Elle le pointa avec son index,She pointed her index at him.
Elle s'est fracturé le majeur,She has fractured her medium finger.
Elle a une attelle au petit doigt,She has a slint at her little finger.
Il a une cicatrice au niveau du pubis,He has a scar at the pubis level.
Le pelvis désigne parfois le bassin,The pelvis is another name of the 
Il a dû faire une radio du bassin,He had to do a radio of a pelvis.
Il s'est cassé la clavicule au rugby,He broke his clavicle at a rugby practice. 
"Un esprit sain dans un corps sain, c'est notre devise",A sane mind in a sane body is our motto.
L'autruche enfouit sa tête dans le sable,The ostrich burried its head into the sand.
Il faut s'étirer les jambes après avoir couru,One has to strech his legs after running.
Il s'est cassé un bras dans un accident de ski,He broke his arm in a skiing accident. 
Elle est assez souple pour toucher ses pieds avec ses mains,She is flexible enough to touch her feet with her hands.
Sa main gauche est très enflée,His left hand is very swollen. 
Elle s'est luxée l'épaule en tombant à vélo,She dislocated her shoulder when she fell off her bike. 
Elle va voir un kinésithérapeute pour ses problèmes de genou ,She sees a physiotherapist for her knee problems.
Il s'est cogné le coude contre la poignée de la porte,He bumped his elbow on the door handle.
Je me suis foulé le poignet en tombant,I have sprained my wrist when I fell. 
Je n'arrive plus à plier le doigt,I cannot bend my finger anymore.
On lui a demandé une empreinte digitale de son pouce,He was asked for his thumb fingerprint.
L'ostéopathe lui a remis le cou,The physiotherapist reset his neck.
Elle s'est fait refaire le nez,She had her nose done. 
Ferme la bouche quant tu manges,Shut your mouth when you eat.
Est-ce-que j'ai un cil dans l'oeil?,Do I have an eyelash in my eye?
Il a les oreilles rouges à cause du froid,His ears are red because of the cold.
Il s'est ouvert le menton en tombant à vélo,He opened his chin when he fell off his bike. 
Il a un bouton sur le front,He has a pimple on the forehead.
Elle a les cheveux bouclés,She has curly hair. 
"Les poils ont bouché l'évier, il faut faire plus attention quand tu te rases","Your hairs have clugged the sink, you have to be more careful when you shave. "
Elle a un grain de beauté sur la fesse gauche,She has a beauty spot on the left buttock. 
Il a un gros bleu sur la cuisse,He has a big bruise on his thigh. 
Elle a une crampe au mollet ,She has cramp in her calf.
Elle lui a donné un coup dans le tibia,She kicked her in the tibia. 
On a dû lui ouvrir l'abdomen pour l'opérer,His abdomen had to be opened to make the operation possible. 
Ses douleurs d'estomac sont passées rapidement,His stomach pain went away quickly.
On a souvent les intestins détraqués quand on mange de la nourriture pimentée,Your intestines can be upset when you eat spicy food. 
On a dû lui greffer un foie,He was given a liver transplant. 
"Il a eu un coup de soleil il y a trois semaines, maintenant sa peau pèle",He had a sunburnt three weeks ago and now his skin is peeling.
On lui a fait une greffe de rein,He was given a kidney transplant. 
"Lors des infections urinaires, les bactéries entrent dans la vessie",Bacterias enter the bladder when you suffer from a urinary infection. 
Il faut faire plus attention à ton dos si tu ne veux pas finir avec une canne,You should pay more attention to your back if you do not want to end up with a cane. 
Son ventre lui fait mal depuis ce matin,Her belly has been hurting since this morning. 
Les os contiennent beaucoup de calcium,Bones contain large amounts of calcium. 
La graisse s'accumule surtout pendant l'hiver,Fat mostly pile up during winter. 
"Il a des muscles fins, mais solides",He has thin but strong muscles. 
Le fonctionnement du cerveau fait l'objet d'une recherche intensive,The way brain works is a highly researched subject.
Il a fait une opération pour changer de sexe,He underwent an operation to change sex. 
Il donne du sang régulièrement,He gives his blood on a regular basis.
On voit bien les veines de son cou,His neck veins are very apparent.
Ils lui ont fait faire une radio des poumons,He had had a lung radio. 
On peut entendre les battements du coeur grâce à un stéthoscope ,Heart beats can be heard thanks to a stethoscope.
Les artères amènent le sang oxygéné jusqu'aux organes,Arteries bring oxygened blood to organs. 
Il a lui a fait un bisou sur la joue,He gave her a kiss on the cheek. 
Il se laisse pousser la barbe depuis des semaines,He has been growing his beard for weeks. 
Il se laisse pousser la moustache,He is growing his mustache. 
Elle a de très longs cils,She has very long eyelashes. 
Il a haussé les sourcils pour exprimer son dédain,He raised eyebrows out of disdain.
J'ai les lèvres gercées,My lips are chapped.
La stratégie de marketing est à revoir,The marketing strategy is to be rethinked.
Les ventes sont en chute libre ce mois-ci,Sales are taking a nose dive this month. 
Les investissements sont en chute libre en Europe,Investments in Europe are plummeting.
Le meeting a été reporté par le nouveau directeur,The meeting was postponed by the new director. 
Nous cherchons des acheteurs pour reprendre l'entreprise,We are looking for purchasers to buy the company.
Son client a été plutôt satisfait,His customer was rather satisfied.
C'est un produit de bonne qualité,It is a high quality product. 
Il a obtenu des rabais importants sur ce produit,He got big discounts on this product.
C'est le dernier jour des soldes,It is the last day of sales. 
Le commerce a été affecté par les sanctions économiques,Business was affected by economic sanctions. 
Le concept de commerce équitable est à la mode,The fair trade concept is fashionable. 
On n'achète rien au détail dans cette entreprise,You cannot buy anything on retail in this company. 
Un accord a été trouvé entre les deux entreprises,An agreement has been found between the two companies. 
Les négociations ont échoué,Negociations have failed.
Il faudrait fixer un agenda au plus vite,We have to agree on a schedule as soon as possible. 
Son absence a été remarquée,His absence has been noticed. 
La présence du PDG a surpris l'assemblée,The presence of the CEO surprised the assembly. 
La conférence va commencer d'ici quelques minutes,The lecture will start within a few minutes. 
La date limite a été reportée d'une semaine,The deadline has been postponed to next week. 
Notre objectif est de conquérir le marché en moins de deux ans,Our objectif is to conquer the market in less than two year. 
Nous avons deux propositions à vous faire,We have two propositions for you. 
Les actionnaires ont été unanimes quant à cette décision,The shareholders approved this step unanimously.
Les bénéfices de cette recherche ne seront pas immédiats,Profits will not be immediate.
Notre entreprise doit davantage investir dans la publicité,Our company must invest more into advertising. 
Nous cherchons un nouveau slogan publicitaire,We are looking for a new advertising slogan. 
Faire un emprunt maintenant serait du suicide,Borrowing now would be suicidal. 
La crise de la dette menace l'économie européenne,The debt crisis threatens European economy.
Il s'est ruiné en faisant de la spéculation,He bankrupted himself by speculating.
Il a obtenu un prêt auprès de sa banque,He got a loan from his bank. 
"L'audience s'est relativement bien déroulée, notre avocat avait préparé son dossier","The hearing went rather well, our lawyer had prepared the case. "
Les stagiaires sont souvent exploités ,Interns are often exploited. 
Le comptable a trouvé des irrégularités importantes dans les finances de l'entreprise,The accountant filed a complaint for sexual harassment. 
Le gouvernement ne parvient pas à réduire l'inflation,The government does not manage to reduce inflation.
La banque centrale a baissé ses taux directeurs,The central bank has reduced its rates. 
"C'est une rue à sens unique, on ne peut pas passer","It is a one-way street, we cannot drive this way. "
Je me suis perdu dans les ruelles étroites de Paris,I lost myself in the alleys of Paris.
L'avenue est bloquée à cause d'un accident,The avenue is blocked by an accident.
Tu devrais tourner au prochain feu à droite,You should turn at the next traffic light.
Le trottoir va être refait,The sidewalk is to be redone. 
Utilise le passage piéton plutôt que de traverser au milieu de la route,Use the pedestrian crossing rather than crossing the road. 
"Je suis pris dans les embouteillages, je vais être en retard","I am stuck in the traffic jam, I am going to be late."
Il y a beaucoup de trafic le soir,There is a lot of traffic at night.
L'immeuble risque de s'effondrer,The building might collapse.
Le restaurant est ouvert jusqu'à minuit,The restaurant is open until midnight.
La boutique était fermée à cause des manifestations,The shop was closed because of the demonstrations.
Les égoûts ont débordé de nouveau,The sewers overflew once more.
La librairie est fermée pendant les vacances,The bookstore is closed during holidays.
La boulangerie est au coin de la rue,The baker's is at the corner of the street.
Il est allé à la boucherie,He went to the butcher's.
Tu sais s'il y a une pharmacie de garde dans le quartier,Do you know if there is a duty chemist in the neighborhood?
La banque a récemment fait faillite,The bank went bankrupt recently.
"A l'hôpital, on peut attraper des maladies nosocomiales",People can catch nosocomial infections in hospitals. 
L'épicerie n'a pas pu faire face à la concurrence de la grande surface,The grocery could not compete with the hypermarket.
"Je vais au marché faire des courses, je reviens","I am going to the market, I am coming back soon. "
Le supermarché a remplacé les petites épiceries,The supermarket replaced all the small groceries.
Le carrefour était embouteillé depuis des heures,The crossroads was jammed for hours.
La gare ferroviaire était bondée ce jour-là,The train station was crowded that day.
Ils se sont donné rendez-vous à la gare routière,They arranged to meet at the bus station. 
L'aéroport se situe à une cinquantaine de kilomètres de la ville,The airport is located approximatively 50 kilometers away from the city.
Il y a un petit aérodrome à vingt kilomètres où l'on peut se poser si tu veux,There is a small aerodrome where you can land if you want to.
Le port a été fermé à cause de la tempête,The harbour was closed because of the storm.
"Le commissariat a été dynamité de nouveau, mais il n'y a pas eu de victime","The police station was dynamited once more, but there was no casualties. "
"A l'approche du défilé, une grande agitation régnait dans la caserne","As the parade was about to begin, there was a lot of unrest in the barracks."
La caserne des pompiers est au prochain tournant,The fire department is around the corner.
Ils vont à l'église tous les dimanches,They go to church every Sunday.
Le temple est réservé aux fidèles,The temple is for devotees only.
Une mosquée a été inaugurée la semaine dernière,A mosque was inaugurated last week.
Le personnel de l'ambassade a été évacué par hélicoptère,The embassy staff was evacuated by helicopter.
Le consulat est fermé le week-end,The consulate is closed on weekends.
La poste ferme à 16h30,The post offices closes at 4.30 p.m.
"Ton fils refuse d'aller à l'école, comme d'habitude","Your son refuses to go to school, as usual."
Je garde peu de souvenirs du lycée,I have little memory of high school. 
"Comme chaque année, l'université est en grève","Like every year, the university is on strike."
On va en boîte ce soir?,Are we going to the club tonight?
"Cette nuit, tous les musées sont ouverts, profitons-en","Tonight, all museums are open, let's make the most of it."
"Donne-moi ton adresse, je voudrais t'écrire une lettre","Give me your address , I would like to write you a letter."
Les gratte-ciel sont imposants,Skyscrappers are imposing.
La maison a été hypothéquée pour payer les dettes,The house has been mortgaged to pay the debts.
Je voudrais louer un appartement mais c'est hors de prix,I would like to rent a flat but it is really expensive. 
Le cimetière a été fermé au public,The cemetary has been closed to the public.
Il lui paya le cinéma ce soir-là,He paid her  ticket for the cinema that evening.
On va au théâtre avec ton frère demain,We are going to the theater with your brother tomorrow.
Le kiosque n'ouvre qu'à huit heures du matin,The kiosk opens only at 8 a.m.
Ils s'installèrent à la terrase d'un café,They sat at the terrace of a café.
"Ne jette pas de papiers dans le caniveau, il y a une poubelle juste ici","Do not throw papers into the gutter, there is a dust bin here."
Elle a essayé de sauter au-dessus de la barrière,She tried to jump over the fence.
La poste est à l'angle de cette avenue et de la prochaine rue,The post office is at the corner of this avenue and of the next street.
Le chantier va durer tout l'été,The yard is going to last for the entire summer. 
Les travaux vont durer jusqu'à fin septembre,The workings are going to last until september.
La route est coupée à cause des pluies diluviennes,The road is cut due to diluvian rains.
Un incendie s'est déclenché au neuvième étage,A fire broke out at the ninth floor.
Le personnel de la piscine est en grève,The swimming pool staff is on strike.
Ce gymnase accueille des sans-abri pendant l'hiver,This gymnasium shelters homeless people during wintertime.
Ils se sont donné rendez-vous devant le stade,They arranged to meet in front of the stadium.
Le parc est fermé au public à cause de la neige,The park is closed to public because of the snow
Il est interdit de marcher sur la pelouse,It is forbidden to step on the mawn
L'usine était occupée par les ouvriers ce matin,The factory was occupied by the workers this morning
Les habitants protestent contre la construction de la déchetterie,Inhabitants demonstrate against the construction of the waste (plant??)
Le bruit de l'usine était assourdissant,The factory noise was deafening
L'électricité était coupée à cause d'un incident à la centrale électrique,Powaer was cut due to an incident at the powerplant
Elle est allée chez le coiffeur ce matin,She went to the hair dresser this morning
Le salon de beauté est très convivial,The beauty-parlor is very ....
Elles ont un abonnement pour les manucures,They have a subscription for a manicure
Elle s'est fait faire une pédicure,She had a pedicure
Il cherche ses clefs sous le lampadaire,He is lookinf for the keys under the ....
On ne parvient pas à trouver une place dans une crèche,We cannot find a spot in a nursery
La manifestation a réuni presque un million de personnes,The demonstration gathered almost a million people
La bibliothèque est ouverte même le dimanche,The library is open even on Sundays
Aucun panneau n'indique la direction du village,No pannel indicated the village direction
Le métro est envahi de panneaux publicitaires,The underground was ... with ....
"Il vivent en banlieue, dans une tour récente",They live in the suburbs in a recent tower
Il n'y a pas beaucoup de vie nocturne dans ce quartier,There is no night life in this district
Il faut rester sur l'autoroute jusqu'à la prochaine sortie,We have to stay on the highway till the next exit
"Arrête d'accélérer, il y a un ralentisseur à cent mètres","Stop accelarating, there is a speed reducer 100 meters away"
"Ce château n'a plus qu'un donjon, les tours et les murailles ont disparu","This castle has only a donjon left, towers and walls have disappeared"
Le pont en bois a été emporté par la crue,The wood bridge was taken away by the flood
Il faut descendre au prochain arrêt de bus,We have to alight at the next bus stop
On va au cirque de temps en temps,We go to the circus from time to time
L'eau de la fontaine sent le chlore,The water from this fountain smells chlore
Le gouvernement a élevé une statue en l'honneur du dictateur,The government set up a statue in honor of the dictator
Un monument aux morts a été dressé sur cette place,A war memorial was set up on this square
Je vis en banlieue car le centre-ville est trop cher,I live in the suburbs because the downtown is too expensive
Le goudron fond à cause de la chaleur,The tar is melting because of the heat
"Ce tunnel est interminable, surtout quand il y a des bouchons","This tunnel is endless, especially when there are traffic jams"
La baby-sitter a emmené les enfants au zoo ce matin,The nany brang the kids to the zoo this morning
Les moulins à vent et les moulins à eau utilisent une énergie renouvelable,Wind mills and water mills use a renewable energy
Une bijouterie a été braquée hier soir,A jewelry was held up last night
Le magasin de fruits a fermé définitivement,The fruit store closed once and for all
L'agence d'emploi était bondée suite à la crise,The employment agency was crowded due to the crisis
La gouttière est bouchée à cause des feuilles d'arbre,The gutter is plugged because of the tree leaves
"C'est une rue à sens unique, tu vas avoir une amende","It is a one-way street, you will get a fine"
"Attention, il y a un trou juste là","Be careful, there is a hole right here"
Le chauffeur ne peut pas rouler vite à cause des nids de poule,The driver cannot drive faster because of the potholes
Je veux que tu t'éloignes du bord du quai,I want you to get awayfrom the edge of the platform
"Baisse le son, on ne s'entend plus parler","Lower the sound, w..."
L'ascenseur resta bloqué entre deux étages,The elevator ... blocked between two floors
La librairie est ouverte tout le dimanche,The bookstore is open all the Sunday
Les lycées sont fermés à cause de la neige,High schools are closed because of the snow
"Mets des gants, tu as les mains toutes bleues","Put on your gloves, your hands are blue"
"Il commence à pleuvoir, met ta capuche","It is starting to rain, put on your hood"
Tous les bijoux de ma belle-mère ont été volés,All the jewelry of my stepmother were stolen
Je t'ai trouvé de très jolies boucles d'oreilles,I found you some very pretty earrings
Il lui a offert un bracelet pour Noël,He gave her a bracelet for Christmas
Ce collier lui va très bien,This necklace suits her very well
Il a mis du parfum avant de sortir,He put some eprfume before going out
Ce vernis à ongle s'écaille vite,This nail polish flakes very quickly
Elle est en train de se mettre du mascara,She is putting some mascara
Accroche ton manteau à la patère ,Put your coat on the hook
Je me suis acheté une veste en cuir,I bought a leather jacket
Vos pantalons sont en train de sécher,Your trousers are drying
Elle collectionne les culottes,She collects ....
Il y a un T-shirt noir qui traîne dans le salon,There is a black T-shirt in the living room
Je n'arrive jamais à trouver de chaussures à ma taille,I do not manage to fin shoes of my size
J'ai emporté des bottes au cas où il pleuve,I took some boots in case it rains
Il faut acheter de la lessive en poudre,We should buy some washing powder
"Je vais faire une lessive, tu as quelque chose à laver?","I am about to wash the clothes, do you have something to wash?"
"Il faudrait remplacer la machine à laver, celle-ci est trop vieille","We should replace the washing machine, this on e is too old"
Tu peux aller étendre le linge?,Could you hang the clothes
La blanchisserie est tenue par la même famille depuis trois générations,This laudry has been hold by the same family for three generations
Il y a une tâche de sang sur ta chemise,There is a blood stain on you shirt
C'est de la laine de mouton,It is sheep wool
Cette chemise est en coton,It is a cotton shirt
Elle s'est fait voler son sac à main dans la rue,Her handbag was stolen in the street
"Tu devrais nettoyer tes lunettes de soleil, elles sont sales","You should clean your sunglasses, they are dirty"
"Si je ne mets pas mes lunettes, je ne vois rien","If I do not put on my glasses, i cannot see anything."
Je porte des lentilles de contact,I wear contact lenses
Prends un parapluie au cas où,Yake your umbrella just in case
"L'imperméable n'était pas étanche, l'eau passait","The raincoat was not waterproof, water was pouring in"
Elle s'est mis du rouge à lèvres,She put red lipstick in front of the miror
Son maquillage a coulé,You makeup is flowing because of the rain
Ta cousine est venue en robe à la soirée,You cousin went to the party with a dress
Les jupes sont démodées,Skirts are old-fashionned here
Il a mis un costume pour son entretien d'embauche,He put a suit for the job interview
Ils ont volé les peignoirs de l'hôtel,They stole the hostel peignoirs
Il a mis une cravate bleu marine,He put a deep blue tie
Il y a un soutien-gorge sous le lit,There is a bra under the bed
Tout le monde est en bikini sur cette plage,Everyone wears bikini on this beach
Vous avez des bonnets en laine?,Do you have wool caps?
Emporte une écharpe ou tu risque d'attraper mal à la gorge,Take a scarf with oyou otherwise you may catch a throat ache???
En ce moment il travaille à la ferme,These days he works in a farm
Les poteaux électriques sont tombés à cause de la tempête,The lanscape is spoiled by power poles
Nous voulons mettre du fil barbelé autour de notre terrain,We want to put barbed wire around our land
Le tracteur est en panne,The tractor broke down
Les troupeaux sont en train de paître dans le pré,The herds are led into the pasture
Les agriculteurs se partagent une moissonneuse-batteuse pour réduire les coûts,The farmers share a combine harvester in order to lower the costs
Le tracteur est en train de labourer,The tractor is plowing
Le fumier de cheval fertilise la terre,Horse manure fertilizes the soil
Tu devrais emporter une machette avec toi,You should take a machete
L'agriculture représente une faible part du PIB,Agriculture represents a small aprt of the GWP
On va à la campagne ce week-end,We are going to the countryside this week-end
Il faudrait réparer les filets de pêche,He found a dolphin in his nets
Ils vivent dans un village isolé,They live in an isolated village
Il y a des bottes de foin dans le champ,There are haystacks in the field
Le jardinage est son hobbie,Gardening is his hobbie
Les arbres fruitiers n'ont rien donné cette année,The fruit trees did not give anything this year
Les roses sont ravagées par les pucerons,Roses are being devastated by aphids
"Ici, on vend des bulbes de tulipe","Here, we sell tulip bulbs"
La flore de cette région est méconnue,This region flora is badly known
Le canard a été tué par un chasseur,The duck was killed by the hunter
La jument est la femelle du cheval,The mare is the female of the horse
Le poulain galope maladroitement,The colt gallops clumsily
Ce veau est né par césarienne,This calf was born by caesarean
Les taureaux ont été lâchés dans la rue,Bulls were released into the streets
Un agneau a été tué pour le dîner,A lamb was sacrificed
Le chaton joue avec la souris que sa mère lui a apportée,The kitten is drowning
Elle a eu une portée de cinq chiots,She had a litter of five puppies
Ces brebis donnent du très bon lait,This village is specialized in sheep cheese
Cette chèvre mange tout et n'importe quoi ,This goat eats ...
Le cheval a rué avant de partir au galop,The horse kicked out before galloping away
L'âne braille,The donkey hollers because he is hungry
La mule refuse d'avancer,The mule refuses to ...
La poule picore les graines,The hen pecks all the day ong
Rajoute une bûche dans le feu,Put another log into the fire
Le chien dort dans sa niche,The dog is sleeping in its niche
Un renard a réussi à entrer dans le poulailler,A fox managed to get into the hen house
Il ne sort pas les moutons de l'étable,He does not take the sheep out of the stable
Ce pain contient du seigle,This bread contains rye
Nous mangeons des céréales au petit déjeuner,We eat cereals for breakfast
Ces grains de blé sont attaqués par un champignon,We had to buy some new seeds to sow maize this year
Il a répandu des insecticides sur son champ,He spread insecticides on his field
Les pesticides ont contaminé les nappes phréatiques,Pesticides contaminated groundwater
Les herbicides permettent de se débarrasser des mauvaises herbes,Herbicides enable to get rid of ??? weed
"Sans irrigation, le maïs ne pousserait jamais sur ces terres","Without irrigation, maize would never grow on these lands"
Cinq ruches ont été installées dans ce champ,Five hives were set up on this field
Le pâturage est couvert de bouses,The pasture is full of dung
Les hirondelles se posèrent sur un fil électrique,The swallows landed on a wire
La belette est un carnivore,The weasel is a carnivorous
L'élevage intensif a entraîné une contamination des cultures,Intensive breeding 
Le troupeau est nerveux à l'approche de l'abattoir,The herd is nervous at the approach of the slaughterhouse
Un incendie s'est déclaré dans un silo à grain ,A fire started in the grain silo
Le voyageur dormit dans une grange cette nuit-là,The traveller slept in a barn that night
Le paysan puise de l'eau dans le puits,The peasant draws water from the well
Il porte deux seaux d'eau,He is carrying two water buckets
Il faudrait déraciner cette souche,He is keen (passionated???) on gardening
Ce sont des bulbes de tulipe,These are tulip bulbs
La tortue de Floride est une espèce invasive en Europe,Florida turtle is an invasive species in Europe
La crise de la biodiversité est au coeur des débats,The biodiversity crisis is at the heart of the debates
"L'année dernière, la population de cet oiseau a légèrement augmenté","Last year, population slightly increased"
"Le risque d'extinction de cet espèce est réel, et croît de jour en jour","The extinction risk is real, and increases every day"
Nous sommes en train de vivre la sixième extinction de masse,We are going through the sixth mass extinction
Le braconnage a conduit les gorilles des montagnes au bord de l'extinction,Poaching drove moutain gorillas to the verge of extinction
L'exploitation des ressources doit être raisonnée,Ressources exploitation should be reasona...
La déforestation progresse à un rythme inquiétant,Deforestation progresses at a worrying pace
La destruction de l'habitat est la principale menace qui pèse sur cette espèce,Habitat destruction is the main threat that ... on this species
Le réchauffement climatique est un grave problème,Climate warming is a serious issue
Le principal gaz à effet de serre est le dioxyde de carbone,The main greenhouse effect gaz is carbon dioxyde
Le trou de la couche d'ozone s'est presque stabilisé,The ozone layer hole has been stabilized
Le dioxyde de carbone provient des combustibles fossiles,Carbon dioxyde comes from fossil fuels
Le méthane s'échappe du marais,Methane  ... from the swamp
Les nitrates ont entraîné le développement d'algues vertes,Nitrates caused the growth of green algae
Les pluies acides ont ravagé la végétation,Acid rain destroyed vegetation
Cette ONG travaille pour la conservation des espèces menacées,This NGO works for the conservation of endangered species
Les écosystèmes marins sont sensibles à la température de l'eau,Marine ecosystems are sensitive to water temperature
Les problèmes d'environnement sont devenus une priorité,Environmental issues have become a priority
L'écologie est une science récente,Ecology is arecent science
Les écologistes ont du mal à s'imposer politiquement,Ecologists...
L'effet de serre est un phénomène naturel amplifié par l'activité humaine,Greenhouse effect is a natural phenomenon amplified by human activity
Le développement durable est le défi de ce nouveau millénaire,Sustainable development is the challenge of this new millenium
L'énergie solaire est renouvelable,Solar Energy is a renewable
L'énergie est une ressource de plus en plus précieuse,Energy is a more and more precious resource ??
Les éoliennes fonctionnent rarement à plein régime,Wind mills seldom work ....
Les populations locales protestent contre la construction du nouveau barrage,Local populations demonstrate against the construction of the new dam
Il a fait installer un panneau solaire sur son toit par une entreprise,He made a company put ??? a solar panel on his roof
Il n'y a pas encore de recyclage du verre dans cette ville,There is no glass recycling in this city yet
Le gouvernement a dévoilé un grand projet de reforestation,The government unveiled a large project of afforestation
"C'est une zone protégée, la chasse y est interdite","It is a protected area, hunting is forbidden there"
La surpêche a fini par épuiser les stocks de poisson,Overfishing finally made fish stocks ???
Un incinérateur a été construit pour incinérer les déchets,"We do not know what to do, we produce too much waste"
Le prix de l'uranium a été multiplié par dix en moins de cinq ans,Uranium price rised ten times in less than five years
Les déchets nucléaires sont au coeur du débat sur le nucléaire,Nuclear waste is at the heart of the nuclear debate
Le traitement des déchets nucléaires est un processus à risque,Nuclear waste tratment is a risky process
Les eaux usées se déversent directement dans la rivière,Wastewaters ... directly into the river
La pollution a atteint des niveaux historiques à cause de la canicule,Pollution reached historical levels due to the heat wave
Un incident a eu lieu dans une centrale nucléaire,An incident occurred in a nuclear powerplant
Les OGM ont été autorisés malgré l'opposition de la population,GMOs were authorized despite the opposition of the population
La contamination de la rivière n'a pas pu être empêchée,The river contamination could not be prevented
La décontamination des sols prendra des années,Soil decontamination will take years
La restauration du marécage a permis de sauver l'espèce,The swamp restauration enabled to save the species
La réintroduction de l'espèce est compromise à cause du braconnage,Species reintroduction is compromised by poaching
Elle veut participer au nettoyage de la plage,She wants to take part into the beach cleaning
C'est un militant passionné,He is a passionated activist
Les examens se sont bien passés,Exams went well
Nous sommes de la même promotion,We are from the same batch
Elle déteste les réunions de famille,She hates family reunions
Ce sont des amis de mes parents,They are friends of my parents
Mon père travaille à la Poste,My father works at the Post office
Ma mère est partie au marché,My mother wen to the market
"Il a deux frères, un frère aîné, un frère cadet","He has two brothers, an older brother, a younger brother"
"Il a deux soeurs, une soeur aînée, et une soeur cadette","He has two sisters, an older sister, a younger sister"
Mon fils habite tout seul désormais,My son hencefoth lives alone
Nous avons une bonne relation avec notre fille,We have a good relationship with our daughter
"C'est mon oncle, le frère de mon père","It is my uncle, the brother of my father"
"J'ai deux tantes, ce sont les soeurs de ma mère","I have two aunts, they are the sisters of my mother"
Votre neveu est venu nous rendre visite,Your nephew visited us
La fille de mon frère est ma nièce,My brother's daughter is my niece
Mon cousin habite au Canada,My cousin lives in Canada
Il a deux cousines,He has two cousins
Le fils de ma tante est mon cousin germain,The son of my aunt is my first cousin
La fille de mon oncle est ma cousine germaine,The daughter of my uncle if my first cousin
Les enfants des cousins germains sont cousins issus de germain,Children of first cousins are second cousins
On fête demain les cent ans de mon grand-père,We will celebrate de 100 years of my granfather tomorrow
Je dois me rendre à l'enterrement de ma grand-mère,I have to go to the burial of my grandmother
Mon grand-père a trois petits-fils,My grandather has three grandsons
Il a encore oublié l'anniversaire de sa petite-fille,He forgot once more the birthday of his granddaughter
Il a présenté sa petite amie à ses parents,He introduced his girlfriend to his parents
Elle n'a pas de petit ami,She has no boyfriend
C'est bientôt leur anniversaire de mariage,It is soon their wedding birthday
Il est marié depuis cinq ans,He has been married for five years
Elle est mariée à un médecin,She is married to a doctor
Ils sont séparés mais pas encore divorcés,They are separated but not divorced
Le divorce a été fait à l'amiable,The divorce was done amicably????
Il vint assister à l'enterrement de son grand-père,He attended the burial of his grandfather
Il oublie à chaque fois l'anniversaire de ses enfants,He always forgets the birthdate of his children
La naissance est prévue pour le mois prochain,Birth is planned for next month
Ils n'ont pas réussi à avoir d'enfants,They could not have children
"Il n'a qu'un an, c'est encore un bébé","He is only a year old, he is still a baby"
Ses parents vivent ensemble,His parents live together
Ils se sont séparés après vingt ans de mariage,They separated from each other after 20 years of marriage
Ils ont divorcé après le départ de leur dernier enfant,They divorced after the departure of their last child
Ses parents sont divorcés,His parents are divorced
"J'ai fêté Noël en famille, comme chaque année","I celebrated Christmas with my family, like every year"
Je vais passer le réveillon avec des amis,I am going to spend New Year's Eve with some friends
Les familles se réunissent pendant les fêtes,Families gather during ???
Ils vivent enemble mais ils ne sont pas amoureux,They live together but they are not in love anymore
Ils sont en couple depuis deux ans,They have been in couple for two years
C'est une question de vie ou de mort,It is a question of life or death
Il a été brisé par la mort de son père,He was broken by his father's death
Il faut profiter de la jeunesse,One has to enjoy his youth
La grippe est une maladie courante,Flu is a common illness
Les amis d'enfance en s'oublient pas,One does not forget childooh friends
Il est fidèle à sa femme,He is faithful to his wife
Il finit par se lasser de son infidélité,He finally 
Il trompe sa femme très souvent,He cheats his wife very often
Les femmes tendent à se marier de plus en plus tard,Women tend to marry later and later
J'ai fait mon testament avant de partir en vacances,I wrote my will before going on holidays
Les cadeaux sont sous le sapin de Noël,The presents are under the Christmas tree
Le prix des aliments fluctuent beaucoup ces dernières années,Food prices fluctuate
Il reste un paquet de biscuits,There is a biscuit packet left
Sa mère prépare un gâteau au chocolat,His mother is making a chocolate cake
Pourrais-tu me passer une tranche de pain?,Could you give me a slice of bread?
Je pleure à chaque fois que je coupe des oignons,I cry every time I cut onions
Il reste des tomates séchées,There are some dried tomatoes left
La souris a mangé la moitié du paquet de farine,The mouse ate half of the flour packet
Il ne reste plus qu'une boîte de petits pois,There is only a green peas can left
Est-ce-que tu peux laver la salade?,Could you wash the salad?
Tu prends du jus de fruits au petit déjeuner?,DO you take fruit juice for breakfast?
Nous ne mangeons plus de viande pour économiser de l'argent,We do not eat meat in order to save money
Les légumes ont pourri dans le réfrigérateur,Vegetables rot?? in the fridge
Tu ne manges pas assez de fruits,You do not eat enough fruits
Le poisson est plus digeste que la viande,Fish is more digest than meat
Je n'aime pas beaucoup la volaille en général,I do not like poultry so much in general
Je suis allergique aux fruits de mer,Eating pork is forbidden in this country
L'eau potable est une denrée rare dans de nombreux pays,Drinkable water is a rare ??? in many countries
Il a jeté le trognon de pomme dans la poubelle,He put the apple core in the rubbish bin
J'ai glissé sur une peau de banane,I slipped on a banana skin
Veux-tu que je t'épluche une orange?,Do you want me to peel an orange for you?
La Chine est un des plus gros producteurs de riz,China is one of th ebiggest rice producers
Cet agriculteur possède cent hectares de blé,This farmer owns a hundred hectares of wheat
Les lentilles sont une source importante de protéines,Lenses are an important source of proteins
Passe-moi le sel s'il-te-plaît,Give me the salt please
Est-ce-que c'est possible de ne pas mettre de piment dans le plat?,Is it possible not to put chili in the dish?
Le paquet de sucre est vide,The sugar packet is empty
Les haricots ne sont pas cuits,The beans are not cooked
Est-ce-que tu as mélangé la sauce de la salade?,Did you mix the salad sauce?
Le vinaigre est acide,Vinegar is acid
Les jeunes boivent trop d'alcool de nos jours,Young people drink too much alcool these days
Cette brasserie fabrique d'excellentes bières,This brewery makes excellent beers
Le rhum est fait à partir de canne à sucre,Rhum is made from sugar cane
"Attention, les pâtes sont chaudes","Be careful, the pasta are hot"
"Le riz est devenu froid, il faut le réchauffer","Rice has become cold, you should reheat it"
"Ce plat est trop piquant pour moi, je n'arrive pas à le finir","This dish is too spicy for me, i cannot finish it"
Les pâtes sont trop salées,The pasta are too salted
"Tu veux un oeuf à la coque, un oeuf au plat ou un oeuf dur?",Do you want a fried egg or a boiled egg?
"C'est un plat sucré, il se mange au dessert","It is a sweet dish, it is eaten as a dessert"
Je mets une tranche de jambon dans ton sandwitch?,Should I put a slice of ham in your sandwitch?
Il ne reste plus que deux sachets de thé,There are only two tea bags left
Tu veux du café décaféiné?,Do you want decaffeinated coffee?
"Il n'y a plus de fromage, il faut en racheter","There is no cheese left, ????"
"Ce soir, on mange des carottes râpées","Tonight, we eat grated carrots"
"Le sucre a fondu, c'est du caramel maintenant","Sugar has melted, it has turned into caramel"
C'est un restaurant végétarien très cher,It is a very expensive vegetarian restaurant
"Cette moutarde est très forte, n'en mets pas trop","This mustard is very strong, do not put too much of it"
Elle t'a fait une infusion pour que tu dormes mieux,She made you an infusion so you can sleep better
"Ton café est tiède, il ne va pas être bon","Your coffee is lukewarm, it is not going to be good"
On prend le petit déjeuner sur la terrasse?,Shall we have breakfast on the terrace?
Elle prépare le déjeuner,She is preparing breakfast
Le dîner est servi à huit heures,Dinner is served at eight
On prépare de la confiture d'abricot,We are making apricot jam
Les coquilles de noix sont trop dures pour être cassées à la main,Nut shells are too hard to be broken by hand
Ouvre la noix de coco pour en boire le jus,Open the coonut to drink its juice
Les habitants du village nous ont offert des dattes,The village inhabitants offered us some dates
Les abeilles tournent autour des grappes de raisin,Bees
Les figues séchées sont une spécialité locale,Dried figs are a local specialty
Je coupe le melon en combien de parts?,In how many shares should I cut the melon
Ces pastèques n'ont pas beaucoup de goût,These watermelons are rather tasteless
On sent à peine le goût de la canelle,One can hardly smell the cinnamon
C'est le cumin qui est responsable de la couleur jaune du curry,It is cumin that is responsible for the yellowish colour of the curry
C'est la coriandre qui donne à ce plat toute sa saveur,It its coriander that gives to this dish all its taste
Elle essaye de boire moins de sodas,She tries to drink less soda
Je prendrai de l'eau minérale s'il-vous-plaît,I will take mineral water please
Ces paysans font leur propre liqueur artisanalement,These peasants do their own liquor
Il n'aime pas les asperges,He does not like asparagus
L'échalote ressemble un peu à l'oignon,SHallots look a bit like onions
Tu préfères les toasts très grillés?,Do you prefer your toasts very grilled?
Je coupe le gâteau en combien de parts?,In how many shares should I cut the cake?
"Ce plat est trop gras pour moi, je ne vais pas réussir à le terminer","This dish is too fat for me, I will not manage to finish it"
Il lui amène les croissants au lit le matin,He brings her croissants for breakfast
On va faire un barbecue dans le jardin,We are going to make a barbecue in the garden
Mélangez la farine aux jaunes d'oeuf,Mix the flour with egg yolks
Tu devrais faire griller la viande plus longtemps,You should grill the meat longer
"La viande grillée, je n'aime pas beaucoup","Grilled meat, I do not like so much"
Je vais prendre un thé à la menthe,I will take a mint tea
Mets un peu de crème fraîche dans la sauce,Put a bit of cream in the sauce
Il faut rajouter du persil dans la salade,Parsley should be added in the salad
Les oignons sont meilleurs frits,Onions are better fried
Sa tarte aux poireaux est délicieuse,His leak pie is delicious
Est-ce-que tu peux couper les poivrons en rondelles?,Could you cut the pepperoni in rings?
Elles sont parties ramasser des champignons,They went to pick up mushrooms
Les épinards sont riches en fer,Spinachs are rich in iron
Les avocats vont être perdus si on ne les mange pas aujourd'hui,Avocados will be lost if we do not eat them now
Cette saucisse est une spécialité allemande,This sausage is a German specialty
J'ai acheté un cageot de pêches entier,I bought a whole peach crate
épluche la poire avant de la manger,Peel the pear befor eating it
Cette mandarine n'est pas assez mûre,This mandarin is not mure enough
La barquette de fraises est à un euro,The strawberry punnet is worth one euro
Les framboises tâchent énormément les habits,Rawberries stain clothes a lot
Les myrtilles sont des baies,Blackberries are berries
La saison des mangues a commencé,The mango season has started
Leur spécialité c'est la mousse au chocolat,Their specialty is chocolate mousse
"Pour accompagner le poisson, il faut du vin blanc","To eat with fish, you need white wine"
Tu préfères le vin rouge ou le vin blanc?,Do you prefer red wine or white wine?
Il a amené une bouteille de rosé,He brang a bottle of rosé wine
On ouvre une petite bouteille de cidre?,Shall we open a small bottle of cider?
C'est un cocktail à base de cachaça,It is a rhum based cocktail
Je voudrais une botte de ciboulette,I would like a bunch of chives
La choucroute est faite avec du chou,Sauerkraut is made with cabbage
Je cherche une recette à base de chou-fleur,I am looking for a recipe with??? cauliflower
On fait du carburant à partir de betteraves,Fuel can be made from beet roots
"C'est trop amer, je n'arrive pas à le manger","It is too bitter, i cannot eat it"
Le maïs vient d'Amérique centrale ,Maize come from Central America
La moussaka est faite à partir d'aubergines,Moussaka is made from eggplants
Il faut couper le concombre en rondelles fines,You have to cut the cucumber in fine slices
épépine la citrouille avant de la faire cuire,Deseed the pumpkin before cooking it
Le soja est un aliment essentiel du bétail,Soybean is an essential food for cattle
Le cheval mange de l'avoine,The horse is eating oat
Nos laitues sont de très bonne qualité,Our lettuces are of very high quality
Les animistes croient dans l'existence d'esprits,raccourci
